{"name":"78e16ae8-776b-460f-8e5b-cbb92ca3266b","id":"/providers/Microsoft.Flow/flows/78e16ae8-776b-460f-8e5b-cbb92ca3266b","type":"Microsoft.Flow/flows","properties":{"apiId":"/providers/Microsoft.PowerApps/apis/shared_logicflows","displayName":"Suspend Microsoft Fabric Capacity if Active","definition":{"metadata":{"workflowEntityId":null,"processAdvisorMetadata":null,"flowChargedByPaygo":null,"flowclientsuspensionreason":"None","flowclientsuspensiontime":null,"flowclientsuspensionreasondetails":null,"creator":{"id":"8da57154-0017-4341-8699-b062ac0f85d1","type":"User","tenantId":"77207b8a-80a1-4421-a78a-5d4cfbe8675f"},"provisioningMethod":"FromDefinition","failureAlertSubscription":true,"clientLastModifiedTime":"2024-08-09T20:33:16.0924904Z","connectionKeySavedTimeKey":"2024-08-09T20:33:16.0924904Z"},"$schema":"https://schema.management.azure.com/providers/Microsoft.Logic/schemas/2016-06-01/workflowdefinition.json#","contentVersion":"1.0.0.0","parameters":{"$authentication":{"defaultValue":{},"type":"SecureObject"},"$connections":{"defaultValue":{},"type":"Object"}},"triggers":{"Recurrence":{"recurrence":{"frequency":"Day","interval":1,"startTime":null,"timeZone":"Eastern Standard Time","schedule":{"weekDays":null,"hours":["0"],"minutes":null}},"type":"Recurrence","description":"This trigger is a recurring trigger at points in time. Default is midnight EST."}},"actions":{"Read_Fabric_Capacity":{"runAfter":{"Set_Fabric_Capacity_Name":["Succeeded"]},"type":"OpenApiConnection","inputs":{"parameters":{"subscriptionId":"@variables('Azure Subscription ID')","resourceGroupName":"@variables('Azure Resource Group')","resourceProviderNamespace":"Microsoft.Fabric","shortResourceId":"capacities/@{variables('Fabric Capacity Name')}","x-ms-api-version":"2023-11-01"},"host":{"apiId":"/providers/Microsoft.PowerApps/apis/shared_arm","connectionName":"shared_arm","operationId":"Resources_GetById"},"authentication":"@parameters('$authentication')"}},"Parse_JSON_Response_from_Reading_Capacity_State":{"runAfter":{"Read_Fabric_Capacity":["Succeeded"]},"type":"ParseJson","inputs":{"content":"@body('Read_Fabric_Capacity')","schema":{"type":"object","properties":{"properties":{"type":"object","properties":{"provisioningState":{"type":"string"},"state":{"type":"string"},"administration":{"type":"object","properties":{"members":{"type":"array","items":{"type":"string"}}}}}},"id":{"type":"string"},"name":{"type":"string"},"type":{"type":"string"},"location":{"type":"string"},"sku":{"type":"object","properties":{"name":{"type":"string"},"tier":{"type":"string"}}},"tags":{"type":"object","properties":{}}}}}},"Condition_-_If_Fabric_Capacity_is_Active":{"actions":{"Pause_Fabric_Capacity":{"type":"OpenApiConnection","inputs":{"parameters":{"subscriptionId":"@variables('Azure Subscription ID')","resourceGroupName":"@variables('Azure Resource Group')","resourceProviderNamespace":"Microsoft.Fabric","shortResourceId":"capacities/@{variables('Fabric Capacity Name')}","x-ms-api-version":"2023-11-01","actionName":"suspend"},"host":{"apiId":"/providers/Microsoft.PowerApps/apis/shared_arm","connectionName":"shared_arm","operationId":"Resources_Invoke"},"authentication":"@parameters('$authentication')"}}},"runAfter":{"Parse_JSON_Response_from_Reading_Capacity_State":["Succeeded"]},"else":{"actions":{"End_this_flow":{"type":"Terminate","inputs":{"runStatus":"Succeeded"}}}},"expression":{"and":[{"equals":["@body('Parse_JSON_Response_from_Reading_Capacity_State')?['properties']?['state']","Active"]}]},"type":"If","description":""},"Set_Azure_Subscription_ID":{"runAfter":{},"type":"InitializeVariable","inputs":{"variables":[{"name":"Azure Subscription ID","type":"string"}]}},"Set_Azure_Resource_Group":{"runAfter":{"Set_Azure_Subscription_ID":["Succeeded"]},"type":"InitializeVariable","inputs":{"variables":[{"name":"Azure Resource Group","type":"string"}]}},"Set_Fabric_Capacity_Name":{"runAfter":{"Set_Azure_Resource_Group":["Succeeded"]},"type":"InitializeVariable","inputs":{"variables":[{"name":"Fabric Capacity Name","type":"string"}]}}},"outputs":{}},"connectionReferences":{"shared_arm":{"connectionName":"64ddc672976444099acc2256082b28db","source":"Embedded","id":"/providers/Microsoft.PowerApps/apis/shared_arm","tier":"NotSpecified"}},"flowFailureAlertSubscribed":false,"isManaged":false}}